name,image_url,face_token
陈伟霆,https://ss2.baidu.com/6ONYsjip0QIZ8tyhnq/it/u=3529088342,1879521536&fm=58,00b65f7822d046c1aee421f7391debd1
黄子韬,https://ss2.baidu.com/6ONYsjip0QIZ8tyhnq/it/u=3830385233,1652058480&fm=58,
鹿晗,https://ss2.baidu.com/6ONYsjip0QIZ8tyhnq/it/u=1231679303,3089912294&fm=58,f2919de7f1df93d576d219f7f7653fdd
刘诗诗,https://ss1.baidu.com/6ONXsjip0QIZ8tyhnq/it/u=1970302057,3309202419&fm=58,d9a8a600273f7a5fcb1f6235003dbe62
周笔畅,https://ss0.baidu.com/6ONWsjip0QIZ8tyhnq/it/u=384782559,337988363&fm=58,d4d2e11cf353418746faceef5f6d3f32
陶辰宇,https://ss1.baidu.com/6ONXsjip0QIZ8tyhnq/it/u=2936498554,4266172726&fm=58,20ffa7082654f365faa46916fc303a81
张艺兴,https://ss0.baidu.com/6ONWsjip0QIZ8tyhnq/it/u=3100142316,655578072&fm=58,3b405652434f253eeca0d8d7803c5727
乔振宇,https://ss0.baidu.com/6ONWsjip0QIZ8tyhnq/it/u=4153221186,235546494&fm=58,fa0795d5a4a882052c98705b49b76c96
宋茜,https://ss2.baidu.com/6ONYsjip0QIZ8tyhnq/it/u=7780688,600766245&fm=58,92985d68ebc0dcc0cc50ca24a6d864c1
迪丽热巴,https://ss1.baidu.com/6ONXsjip0QIZ8tyhnq/it/u=239245354,1724971922&fm=58,0304cdeb2f5abe24b0dbae5ea65969a3
赵丽颖,https://ss1.baidu.com/6ONXsjip0QIZ8tyhnq/it/u=545367445,2922450032&fm=58,
尹泽强,https://ss1.baidu.com/6ONXsjip0QIZ8tyhnq/it/u=852982303,3549963383&fm=58,b388b22aad05483ff1dc5b2654069428
杨幂,https://ss1.baidu.com/6ONXsjip0QIZ8tyhnq/it/u=3635476792,485151867&fm=58,d7f95b9d5fa8263a8feeb2b660bc6384
郑爽,https://ss1.baidu.com/6ONXsjip0QIZ8tyhnq/it/u=3347720257,4270108556&fm=58,a204b438164a5586983a7ab7f8000e9c
Angelababy,https://ss2.baidu.com/6ONYsjip0QIZ8tyhnq/it/u=78878498,2232311272&fm=58,978e3cee10497eeeff8f79c5aba9b1fe
牛骏峰,https://ss1.baidu.com/6ONXsjip0QIZ8tyhnq/it/u=2406636541,3628384895&fm=58,b66ee4278f180402c156e077fef1b25b
霍建华,https://ss2.baidu.com/6ONYsjip0QIZ8tyhnq/it/u=3103612049,1310234223&fm=58,fd347afb19e325880dc0fd9499f17644
白敬亭,https://ss2.baidu.com/6ONYsjip0QIZ8tyhnq/it/u=2840109275,839581455&fm=58,
李沁,https://ss1.baidu.com/6ONXsjip0QIZ8tyhnq/it/u=3774139306,2131716516&fm=58,17fca078c61206c6a7f2f65b318d4623
颖儿,https://ss0.baidu.com/6ONWsjip0QIZ8tyhnq/it/u=4021366971,851820367&fm=58,
苍井空,https://ss2.baidu.com/6ONYsjip0QIZ8tyhnq/it/u=3083825183,3962623516&fm=58,
徐黄丽,https://ss1.baidu.com/6ONXsjip0QIZ8tyhnq/it/u=2101437145,1774521231&fm=58,8e44b42b6d2b3676a7b8367a9a7a65d2
李敏镐,https://ss2.baidu.com/6ONYsjip0QIZ8tyhnq/it/u=595630454,1117560377&fm=58,7df94f071d15104bd25b7315478379ee
林更新,https://ss0.baidu.com/6ONWsjip0QIZ8tyhnq/it/u=2869210650,1074910688&fm=58,73b932715dd246e0017fb09f4f08e741
唐嫣,https://ss1.baidu.com/6ONXsjip0QIZ8tyhnq/it/u=3610823626,374143641&fm=58,be26faccf9304e343671f4bca868c86f
胡歌,https://ss1.baidu.com/6ONXsjip0QIZ8tyhnq/it/u=3499561135,577700117&fm=58,4f516dba33f619181181f4dbe7bdbe0a
周杰伦,https://ss2.baidu.com/6ONYsjip0QIZ8tyhnq/it/u=1090779686,2460562776&fm=58,b8c576f63d5b720fa6311d425b3caca5
张钧甯,https://ss0.baidu.com/6ONWsjip0QIZ8tyhnq/it/u=144842709,888893307&fm=58,5d7e197f9b2dc2cf6c657d58da8c39f6
吴磊,https://ss0.baidu.com/6ONWsjip0QIZ8tyhnq/it/u=3642520227,60827583&fm=58,
杨洋,https://ss1.baidu.com/6ONXsjip0QIZ8tyhnq/it/u=1948781377,3030458535&fm=58,
杨紫,https://ss0.baidu.com/6ONWsjip0QIZ8tyhnq/it/u=4124820204,571106459&fm=58,efb9957d0b28a46c4c7dd6a3f3db41af
周星驰,https://ss2.baidu.com/6ONYsjip0QIZ8tyhnq/it/u=2165407703,2637778628&fm=58,7287912485bb65d7e717201048a2ab9a
王杰,https://ss1.baidu.com/6ONXsjip0QIZ8tyhnq/it/u=3378205045,3340773903&fm=58,f5bde4883164e0ec62d236cade92efb3
马天宇,https://ss0.baidu.com/6ONWsjip0QIZ8tyhnq/it/u=2010848058,3856804683&fm=58,a7117ef69479dd53c30193ae59423967
王俊凯,https://ss1.baidu.com/6ONXsjip0QIZ8tyhnq/it/u=617652547,972911109&fm=58,aad850c55894f99a165f8cda7e868289
李易峰,https://ss0.baidu.com/6ONWsjip0QIZ8tyhnq/it/u=3342977691,3602990750&fm=58,
邓伦,https://ss0.baidu.com/6ONWsjip0QIZ8tyhnq/it/u=3111359409,3932980992&fm=58,
刘德华,https://ss1.baidu.com/6ONXsjip0QIZ8tyhnq/it/u=2823076687,1079188627&fm=58,3da3d4449b3246f0101d38c92368f7d5
吴亦凡,https://ss1.baidu.com/6ONXsjip0QIZ8tyhnq/it/u=432745450,2877303095&fm=58,2af49923055dd193604c7850f1ece30d
陈学冬,https://ss1.baidu.com/6ONXsjip0QIZ8tyhnq/it/u=2409825151,4289892374&fm=58,2d649b83983c20fd335bf944197f6018
薛之谦,https://ss0.baidu.com/6ONWsjip0QIZ8tyhnq/it/u=3602750523,1881068809&fm=58,
刘亦菲,https://ss0.baidu.com/6ONWsjip0QIZ8tyhnq/it/u=209721546,1691502141&fm=58,cd71ab253e6d69d75557c50cba5d1ca7
阿米尔·汗,https://ss0.baidu.com/6ONWsjip0QIZ8tyhnq/it/u=42835365,2717714704&fm=58,127eae402618fcb1869a8e090520bf0c
古力娜扎,https://ss1.baidu.com/6ONXsjip0QIZ8tyhnq/it/u=2766827479,1008072178&fm=58,4e1e06e958fdb376b18dda4272505e6f
范冰冰,https://ss1.baidu.com/6ONXsjip0QIZ8tyhnq/it/u=3441399904,4005908382&fm=58,49fb8564bebb48fc70f4a34df8d5ef85
高大伟,https://ss0.baidu.com/6ONWsjip0QIZ8tyhnq/it/u=635815962,1161302856&fm=58,8476ffa7adf0f91e9e5438bde8957ee4
盖尔·加朵,https://ss0.baidu.com/6ONWsjip0QIZ8tyhnq/it/u=2505780663,2789386930&fm=58,
窦骁,https://ss2.baidu.com/6ONYsjip0QIZ8tyhnq/it/u=3629757437,134572742&fm=58,c5ed4978aa72e7745d516823b2479aab
刘涛,https://ss0.baidu.com/6ONWsjip0QIZ8tyhnq/it/u=2576183331,1583729435&fm=58,e0689d6da97058994818790f03659965
全智贤,https://ss2.baidu.com/6ONYsjip0QIZ8tyhnq/it/u=1912094672,4207040957&fm=58,125a768e2847cd83fbaeae2b29ee2923
菜花甜妈,https://ss1.baidu.com/6ONXsjip0QIZ8tyhnq/it/u=1064953174,2152884021&fm=58,dfd16f9d3e188bd51077f0f68acbb271
陈赫,https://ss1.baidu.com/6ONXsjip0QIZ8tyhnq/it/u=1846756144,2869460486&fm=58,f215a296b425d742629496b34cbf4942
李现,https://ss1.baidu.com/6ONXsjip0QIZ8tyhnq/it/u=4241182180,1589176116&fm=58,d3748b42cea1282fc65da2cfbf5bb393
华晨宇,https://ss1.baidu.com/6ONXsjip0QIZ8tyhnq/it/u=497972755,848610789&fm=58,546e738b6ed23bcf5a37565bdec42eb4
尹正,https://ss2.baidu.com/6ONYsjip0QIZ8tyhnq/it/u=3642235577,1246630426&fm=58,8c0cf991416ba85ed9d9ede50ba59e42
郑智薰,https://ss2.baidu.com/6ONYsjip0QIZ8tyhnq/it/u=2941087319,819540692&fm=58,
成龙,https://ss0.baidu.com/6ONWsjip0QIZ8tyhnq/it/u=259756350,2684690564&fm=58,3396e3056293951eb2d6125de83efefc
吴奇隆,https://ss2.baidu.com/6ONYsjip0QIZ8tyhnq/it/u=2764896722,65074027&fm=58,aa4fd6cb094d04de02847730e09a6db6
张翰,https://ss0.baidu.com/6ONWsjip0QIZ8tyhnq/it/u=2258021550,2766689315&fm=58,
李连杰,https://ss1.baidu.com/6ONXsjip0QIZ8tyhnq/it/u=1371184078,2423667959&fm=58,3d3caa9ccb14a192a680eaee01fae4d3
张国荣,https://ss0.baidu.com/6ONWsjip0QIZ8tyhnq/it/u=3401389593,910731032&fm=58,acf7cc09d6c05273fab77ecf0ff4645d
柳岩,https://ss0.baidu.com/6ONWsjip0QIZ8tyhnq/it/u=2911585746,3594629384&fm=58,
关晓彤,https://ss2.baidu.com/6ONYsjip0QIZ8tyhnq/it/u=774763283,2852003566&fm=58,0b0faa79408168817270955f45e1261a
斯嘉丽·约翰逊,https://ss1.baidu.com/6ONXsjip0QIZ8tyhnq/it/u=3075075382,1167645734&fm=58,a0c2ed50fa9f9a88eeba695771219043
林依晨,https://ss0.baidu.com/6ONWsjip0QIZ8tyhnq/it/u=101263206,2526191575&fm=58,128458501f8323edc9da6278098cddb0
李晨,https://ss0.baidu.com/6ONWsjip0QIZ8tyhnq/it/u=4182519741,3786261874&fm=58,5bee1aeb0c2030612f048def4e27fa0a
邓超,https://ss2.baidu.com/6ONYsjip0QIZ8tyhnq/it/u=4246724759,793891522&fm=58,10e523f026ed234abff0ca3e449aa655
景甜,https://ss2.baidu.com/6ONYsjip0QIZ8tyhnq/it/u=2625700178,186121708&fm=58,ec6bfab0c5b398a234fcec29449012fa
林允儿,https://ss1.baidu.com/6ONXsjip0QIZ8tyhnq/it/u=1741085884,3593251429&fm=58,ab96a03a0c622f18dd8f86a1b79e4d6b
唐艺昕,https://ss0.baidu.com/6ONWsjip0QIZ8tyhnq/it/u=419684925,524361487&fm=58,7a29be1517e4ed0bf8a0169c5b5a6739
王子文,https://ss0.baidu.com/6ONWsjip0QIZ8tyhnq/it/u=2026623258,974538674&fm=58,7f2a968c3c58f61e126fa51650f9bec8
黄晓明,https://ss0.baidu.com/6ONWsjip0QIZ8tyhnq/it/u=3066936042,2721295501&fm=58,15b84614ff38afbb5e88944aeb20895d
钟汉良,https://ss0.baidu.com/6ONWsjip0QIZ8tyhnq/it/u=3597833478,222430112&fm=58,093fbff8b7c8b9027a391c1d99bd42ee
张杰,https://ss2.baidu.com/6ONYsjip0QIZ8tyhnq/it/u=2100398075,162524528&fm=58,552de60ffb13de0f2aa7888da52662f9
林俊杰,https://ss2.baidu.com/6ONYsjip0QIZ8tyhnq/it/u=2453216645,3245843164&fm=58,
佟丽娅,https://ss1.baidu.com/6ONXsjip0QIZ8tyhnq/it/u=2943013504,250486133&fm=58,2e0568f50dc9e386831d36bd911445d2
乔任梁,https://ss1.baidu.com/6ONXsjip0QIZ8tyhnq/it/u=3398828962,975108564&fm=58,
戚薇,https://ss2.baidu.com/6ONYsjip0QIZ8tyhnq/it/u=3035971178,589292544&fm=58,5d1a60345eae380843f20017f536f6d9
高圆圆,https://ss0.baidu.com/6ONWsjip0QIZ8tyhnq/it/u=3885612057,1381886428&fm=58,e15fb4392d8b7144c84cee6c14ab082f
井柏然,https://ss2.baidu.com/6ONYsjip0QIZ8tyhnq/it/u=1743369533,265082368&fm=58,
林心如,https://ss1.baidu.com/6ONXsjip0QIZ8tyhnq/it/u=3582007984,3168195792&fm=58,03cc5bee99d73eec1cb1b9d23fba93ea
金晨,https://ss0.baidu.com/6ONWsjip0QIZ8tyhnq/it/u=2360102907,3974325231&fm=58,6acaf61fa77db17e24016b70b4002125
林志颖,https://ss0.baidu.com/6ONWsjip0QIZ8tyhnq/it/u=3931854966,1724550018&fm=58,
易烊千玺,https://ss2.baidu.com/6ONYsjip0QIZ8tyhnq/it/u=4062622871,4059211183&fm=58,4404f77847c5e32a2926b3c78f0d8811
蓝燕,https://ss2.baidu.com/6ONYsjip0QIZ8tyhnq/it/u=3002154194,200257723&fm=58,c8fd04dbf29726c7cce7b8d12a4e6c16
张馨予,https://ss2.baidu.com/6ONYsjip0QIZ8tyhnq/it/u=3370463942,716992302&fm=58,4dd49df835652398dde0d8413d7394ef
李小龙,https://ss2.baidu.com/6ONYsjip0QIZ8tyhnq/it/u=2797509632,690952375&fm=58,5575b4874a09e28c6cc7e3115d0f9836
泰勒·斯威夫特,https://ss0.baidu.com/6ONWsjip0QIZ8tyhnq/it/u=3522559446,1408339979&fm=58,b61c54957effba48d06e7a48e3f65616
陈乔恩,https://ss2.baidu.com/6ONYsjip0QIZ8tyhnq/it/u=2555637071,4251163927&fm=58,2cd2831745d12ed8812b0e4e53ceef2c
彭丽媛,https://ss0.baidu.com/6ONWsjip0QIZ8tyhnq/it/u=565784112,2956060544&fm=58,e6846a3527f664a6e39e1bcfb628a7bd
郭敬明,https://ss0.baidu.com/6ONWsjip0QIZ8tyhnq/it/u=1961584206,3371090506&fm=58,df044d72c3b1e7d7dc0a734e68eb6ef9
林正英,https://ss2.baidu.com/6ONYsjip0QIZ8tyhnq/it/u=2123468951,4060460072&fm=58,a740f95a88583623699392a4144139cb
王凯,https://ss0.baidu.com/6ONWsjip0QIZ8tyhnq/it/u=2287762425,2466951664&fm=58,9e6d44c58dcec3c766dbafbe3ad4bdce
蒋欣,https://ss1.baidu.com/6ONXsjip0QIZ8tyhnq/it/u=1414952410,2714978553&fm=58,a0f77944eb6123178df98074a35a01a2
罗志祥,https://ss1.baidu.com/6ONXsjip0QIZ8tyhnq/it/u=1345757941,3368260641&fm=58,bb9bd371e911a8a8718e38a59774bbee
新垣结衣,https://ss1.baidu.com/6ONXsjip0QIZ8tyhnq/it/u=19768945,2575758582&fm=58,b5f8981148c5d7ef1920c946642bcf9e
张若昀,https://ss2.baidu.com/6ONYsjip0QIZ8tyhnq/it/u=3301597406,501240978&fm=58,e09195440cfd382ab3633326cc6d3c97
波多野结衣,https://ss2.baidu.com/6ONYsjip0QIZ8tyhnq/it/u=934863392,1695577901&fm=58,98d39c67d046d716a04792d863c4f9ff
刘恺威,https://ss2.baidu.com/6ONYsjip0QIZ8tyhnq/it/u=2116470131,2469552077&fm=58,728c5545071a9eed330f294a0e46d364
金秀贤,https://ss2.baidu.com/6ONYsjip0QIZ8tyhnq/it/u=3418718006,1477000039&fm=58,
张鲁一,https://ss0.baidu.com/6ONWsjip0QIZ8tyhnq/it/u=227666571,2426416259&fm=58,69c698b47c36b33fdb7ae9ef3f86ad9b
杰森·斯坦森,https://ss0.baidu.com/6ONWsjip0QIZ8tyhnq/it/u=2750507925,184347622&fm=58,fc9a9491275a9b173e0128dd5ca46dbf
本兮,https://ss2.baidu.com/6ONYsjip0QIZ8tyhnq/it/u=2347379114,604556378&fm=58,
宋祖儿,https://ss1.baidu.com/6ONXsjip0QIZ8tyhnq/it/u=866397901,2636601566&fm=58,
张碧晨,https://ss2.baidu.com/6ONYsjip0QIZ8tyhnq/it/u=1015400513,1652927421&fm=58,2d662c4c3ec3dd056efae63b148ff8e9
赵又廷,https://ss1.baidu.com/6ONXsjip0QIZ8tyhnq/it/u=2739713923,3430999058&fm=58,d0417545093bf1862f5fa9ff0c7e46c2
姚笛,https://ss2.baidu.com/6ONYsjip0QIZ8tyhnq/it/u=1834265153,3782234526&fm=58,
鞠婧祎,https://ss1.baidu.com/6ONXsjip0QIZ8tyhnq/it/u=2526788110,3543944572&fm=58,02744473182fec4608d2c30c62711ad4
张杰,https://ss0.baidu.com/6ONWsjip0QIZ8tyhnq/it/u=3326525304,98193318&fm=58,91636e8ead61b8adefa64b7c75a92d45
柴碧云,https://ss1.baidu.com/6ONXsjip0QIZ8tyhnq/it/u=2772213694,4236082011&fm=58,052981d3d15e5c7c87a4cbf4093905e0
乔欣,https://ss2.baidu.com/6ONYsjip0QIZ8tyhnq/it/u=3257989622,603864379&fm=58,9791fb93b3bf77dcd0734db34d47b448
王源,https://ss0.baidu.com/6ONWsjip0QIZ8tyhnq/it/u=3228744435,394984284&fm=58,03432803788e2e4711813dee8f473c83
邓紫棋,https://ss2.baidu.com/6ONYsjip0QIZ8tyhnq/it/u=4032599843,2220048510&fm=58,876cd6c35a4ca913134db9780ff5e5e7
靳东,https://ss2.baidu.com/6ONYsjip0QIZ8tyhnq/it/u=52514894,1552991168&fm=58,
夏梓桐,https://ss1.baidu.com/6ONXsjip0QIZ8tyhnq/it/u=4064020969,882191051&fm=58,b48b03e16f86b9eab5b90dcaea39337c
周冬雨,https://ss0.baidu.com/6ONWsjip0QIZ8tyhnq/it/u=2508233967,3506410103&fm=58,545b981d1097679f798f24cc272c3f1f
TFBOYS,https://ss0.baidu.com/6ONWsjip0QIZ8tyhnq/it/u=4270809705,4103650643&fm=58,
张天爱,https://ss1.baidu.com/6ONXsjip0QIZ8tyhnq/it/u=3562962274,2069128013&fm=58,c17b2b05a9ab967c74136b12fa6c2742
江疏影,https://ss1.baidu.com/6ONXsjip0QIZ8tyhnq/it/u=259615177,2063151231&fm=58,95ff2c783bf44400d5e2a382b668c0da
迈克尔·杰克逊,https://ss1.baidu.com/6ONXsjip0QIZ8tyhnq/it/u=3540582184,4020032002&fm=58,
何炅,https://ss0.baidu.com/6ONWsjip0QIZ8tyhnq/it/u=2206209123,3634036593&fm=58,
莱昂纳多·迪卡普里奥,https://ss1.baidu.com/6ONXsjip0QIZ8tyhnq/it/u=2706818044,1656595535&fm=58,0249bde4a2a0ce34efa1e58c62115638
谢娜,https://ss1.baidu.com/6ONXsjip0QIZ8tyhnq/it/u=3233145139,1174216095&fm=58,7c581f4bee7162e4139e870a829157f3
文章,https://ss2.baidu.com/6ONYsjip0QIZ8tyhnq/it/u=328307486,2371665501&fm=58,2edc8733530289facbb1ae9e94a03fd7
张一山,https://ss2.baidu.com/6ONYsjip0QIZ8tyhnq/it/u=3527479106,998733691&fm=58,92618f66bab8aba7e234ccf937fed0dc
向华强,https://ss0.baidu.com/6ONWsjip0QIZ8tyhnq/it/u=1581381930,2793600672&fm=58,20ef1f4204573bcee7fdefdcb83da378
赵奕欢,https://ss2.baidu.com/6ONYsjip0QIZ8tyhnq/it/u=3311604473,333930494&fm=58,d4284270165a119c73afee332fdd1f28
陈晓,https://ss1.baidu.com/6ONXsjip0QIZ8tyhnq/it/u=3531961726,1120699592&fm=58,04eeab2c145bc492ef52cedb08dd3915
秦俊杰,https://ss1.baidu.com/6ONXsjip0QIZ8tyhnq/it/u=2827669195,3623440043&fm=58,
郑秀妍,https://ss0.baidu.com/6ONWsjip0QIZ8tyhnq/it/u=2780445981,690401818&fm=58,
孙俪,https://ss1.baidu.com/6ONXsjip0QIZ8tyhnq/it/u=3984346246,1615677681&fm=58,0b319a339515f5ac200bab335ed7a002
渡边麻友,https://ss0.baidu.com/6ONWsjip0QIZ8tyhnq/it/u=3276601797,1894073993&fm=58,30a573ef9b47d3dcb978db7ff1ce72f6
约翰尼·德普,https://ss2.baidu.com/6ONYsjip0QIZ8tyhnq/it/u=146570582,2787937282&fm=58,a0bbed259937438e161e8f2259867d49
朴信惠,https://ss1.baidu.com/6ONXsjip0QIZ8tyhnq/it/u=917620333,2449518610&fm=58,87990918978ca6665e0f2db718afd44c
王丽坤,https://ss0.baidu.com/6ONWsjip0QIZ8tyhnq/it/u=3966473151,1234787590&fm=58,e6e663a867a8cabaf30f1357e3b1a670
白百何,https://ss1.baidu.com/6ONXsjip0QIZ8tyhnq/it/u=3322042594,926304268&fm=58,14f0aff28c601d766e31e6b79945b09b
谢霆锋,https://ss2.baidu.com/6ONYsjip0QIZ8tyhnq/it/u=3351617357,3549255144&fm=58,8a8be7b0b456842797909b93b8ffb8e5
谢毅,https://ss2.baidu.com/6ONYsjip0QIZ8tyhnq/it/u=295422578,2991494286&fm=58,
林志玲,https://ss0.baidu.com/6ONWsjip0QIZ8tyhnq/it/u=1487636670,2854912293&fm=58,a38d6bef5ba0e9df50c9854b40f2c637
徐娇,https://ss0.baidu.com/6ONWsjip0QIZ8tyhnq/it/u=3738908508,1392631393&fm=58,
吴京,https://ss1.baidu.com/6ONXsjip0QIZ8tyhnq/it/u=2104849216,3828556855&fm=58,
陈冠希,https://ss0.baidu.com/6ONWsjip0QIZ8tyhnq/it/u=1301921631,1327772811&fm=58,6438b033398d98a73509933874d04877
汤姆·克鲁斯,https://ss1.baidu.com/6ONXsjip0QIZ8tyhnq/it/u=2319902152,1290515083&fm=58,7b6bcfea8fbbb54169cbd03071b883c2
林峰,https://ss2.baidu.com/6ONYsjip0QIZ8tyhnq/it/u=4175050058,469787784&fm=58,c67e50a7a9591e285ee29ae45fad96bd
郑秀晶,https://ss2.baidu.com/6ONYsjip0QIZ8tyhnq/it/u=609228005,1760302830&fm=58,e5750f4d4f1ef078a6c7b0c15e7e13f6
黄渤,https://ss1.baidu.com/6ONXsjip0QIZ8tyhnq/it/u=3880001311,506827767&fm=58,065abaacea2917a010ac7bb2c75d9d49
查理兹·塞隆,https://ss1.baidu.com/6ONXsjip0QIZ8tyhnq/it/u=868918981,1303750787&fm=58,b848def1c1befe0c558fafeeee64f080
黄家驹,https://ss2.baidu.com/6ONYsjip0QIZ8tyhnq/it/u=60090551,383662190&fm=58,
陈妍希,https://ss2.baidu.com/6ONYsjip0QIZ8tyhnq/it/u=2211634325,3894999902&fm=58,ec3f21c473620127b4c9048ba147df34
娄艺潇,https://ss2.baidu.com/6ONYsjip0QIZ8tyhnq/it/u=2894081723,638382336&fm=58,f26e7d12d5cc497a88987457099722a9
郑恺,https://ss2.baidu.com/6ONYsjip0QIZ8tyhnq/it/u=2477089466,1664247844&fm=58,83060951ce86348d9d056ca6b9897b49
周润发,https://ss0.baidu.com/6ONWsjip0QIZ8tyhnq/it/u=1157587089,4006121260&fm=58,a25e1ee7b6729c3943f5fadc9faa734d
张子萱,https://ss1.baidu.com/6ONXsjip0QIZ8tyhnq/it/u=3131752948,139930818&fm=58,6dffd34bbb549d9f6ab370e8f377dad2
许嵩,https://ss1.baidu.com/6ONXsjip0QIZ8tyhnq/it/u=1385290786,1362144952&fm=58,818be09b622cca63674f5dbc2b6fb1a4
黄梦莹,https://ss0.baidu.com/6ONWsjip0QIZ8tyhnq/it/u=264954060,1169381394&fm=58,66d9bd31b94285f1fbe38604b7265d88
李小璐,https://ss0.baidu.com/6ONWsjip0QIZ8tyhnq/it/u=663626112,503572128&fm=58,ae438f6c4676e3e8b2f464d1d87f49e0
昆凌,https://ss1.baidu.com/6ONXsjip0QIZ8tyhnq/it/u=3288400351,113826677&fm=58,f8135e00bc978213a79afb4dbf0023ba
夜郎金鑫,https://ss1.baidu.com/6ONXsjip0QIZ8tyhnq/it/u=3593554513,1998789801&fm=58,
勒布朗·詹姆斯,https://ss2.baidu.com/6ONYsjip0QIZ8tyhnq/it/u=2304820535,3019606434&fm=58,f132612f8ca259726ccb2462a7ce8bed
吴倩,https://ss0.baidu.com/6ONWsjip0QIZ8tyhnq/it/u=2685398769,504861688&fm=58,ff40f2b32e576b1c1662140e8362828b
Lady Gaga,https://ss2.baidu.com/6ONYsjip0QIZ8tyhnq/it/u=83260130,2425240696&fm=58,52049ea1eb31eba8971a5a7e17621dba
王菲,https://ss0.baidu.com/6ONWsjip0QIZ8tyhnq/it/u=4149631878,738012630&fm=58,72b735c0a938fd2860b19c46c7ebd458
贾斯汀·比伯,https://ss0.baidu.com/6ONWsjip0QIZ8tyhnq/it/u=4158722265,496711191&fm=58,b667fdcb844ee50de1e61c281389088d
黄磊,https://ss1.baidu.com/6ONXsjip0QIZ8tyhnq/it/u=1355971732,2361925108&fm=58,b75929cb377e9a91c5c75a56d61c5023
古天乐,https://ss0.baidu.com/6ONWsjip0QIZ8tyhnq/it/u=3601755153,2777686009&fm=58,fa4f852769d0b31b1c3d084ffc5d04c6
张歆艺,https://ss0.baidu.com/6ONWsjip0QIZ8tyhnq/it/u=3435366615,984926187&fm=58,ce2b1d9720d093e29fba16b492f3ddaf
郑爽,https://ss0.baidu.com/6ONWsjip0QIZ8tyhnq/it/u=1232763738,557528433&fm=58,8d80e765fe890808967ac9ed56d90ee4
宋仲基,https://ss0.baidu.com/6ONWsjip0QIZ8tyhnq/it/u=4247139945,1362543143&fm=58,5e9663c43b732f80d2c8103fdde1c044
舒畅,https://ss2.baidu.com/6ONYsjip0QIZ8tyhnq/it/u=3416328065,4095626585&fm=58,b8f8f8b0320be80117c6bc59d0726d4d
孙怡,https://ss2.baidu.com/6ONYsjip0QIZ8tyhnq/it/u=2387544014,3397906055&fm=58,74a2492d53c0c1f639596285e96563fb
迈克尔·法斯宾德,https://ss2.baidu.com/6ONYsjip0QIZ8tyhnq/it/u=107794223,645652744&fm=58,a81d5452751cbca4f8ec3925e581dbac
陈都灵,https://ss1.baidu.com/6ONXsjip0QIZ8tyhnq/it/u=4169232484,1253986513&fm=58,ef46feb0efd91d0065eb0907c8cfbe6e
奥黛丽·赫本,https://ss1.baidu.com/6ONXsjip0QIZ8tyhnq/it/u=1427079484,2810696400&fm=58,6b53277be91e724c6577c9f13552aa74
科比·布莱恩特,https://ss0.baidu.com/6ONWsjip0QIZ8tyhnq/it/u=98337435,3724632899&fm=58,
倪妮,https://ss2.baidu.com/6ONYsjip0QIZ8tyhnq/it/u=3721250165,1117526918&fm=58,4d9f455ec9525f3f68dff2247089053f
宋智孝,https://ss0.baidu.com/6ONWsjip0QIZ8tyhnq/it/u=496985211,1171523316&fm=58,c5b2a73280d52495cfce2f11eeaf42d3
宋慧乔,https://ss0.baidu.com/6ONWsjip0QIZ8tyhnq/it/u=4270413555,1655483558&fm=58,ba970ec97a0e0a72e3650d7f88cf577b
刘昊然,https://ss1.baidu.com/6ONXsjip0QIZ8tyhnq/it/u=2498450083,2020834236&fm=58,55d5dfd32ef0e1e59e5c8f666fb13f76
李钟硕,https://ss1.baidu.com/6ONXsjip0QIZ8tyhnq/it/u=2821579549,591713385&fm=58,1442b840aa245e566b563aa80b59e1c6
王珞丹,https://ss1.baidu.com/6ONXsjip0QIZ8tyhnq/it/u=3574967890,4196814560&fm=58,48126469dde1877518e8e12042f8d3a0
张嘉译,https://ss1.baidu.com/6ONXsjip0QIZ8tyhnq/it/u=199218091,3996956442&fm=58,b33c4a9bc772dbeb8acc13cedf4e1bf9
冯绍峰,https://ss1.baidu.com/6ONXsjip0QIZ8tyhnq/it/u=1786832551,420353621&fm=58,8049354aaae83ac9ef6c790ef1f37598
胡冰卿,https://ss1.baidu.com/6ONXsjip0QIZ8tyhnq/it/u=1772044621,3283707866&fm=58,b1414258a04c5a979a960213bbfa29b7
周迅,https://ss2.baidu.com/6ONYsjip0QIZ8tyhnq/it/u=23060549,581267427&fm=58,a54a371a1cfa920e3e72a7e4a56ff379
赵薇,https://ss2.baidu.com/6ONYsjip0QIZ8tyhnq/it/u=523480292,1894184391&fm=58,
陈翔,https://ss0.baidu.com/6ONWsjip0QIZ8tyhnq/it/u=726589080,2592390079&fm=58,1e9f64a78268f3eae8d66f5a20f0c23b
刘萌萌,https://ss0.baidu.com/6ONWsjip0QIZ8tyhnq/it/u=3259764786,605983117&fm=58,aa93af8fc3fed832f7ec99b301282e4f
朴树,https://ss2.baidu.com/6ONYsjip0QIZ8tyhnq/it/u=1228440926,2769461190&fm=58,06041cd179c1d4b55b9886ebc5293a5d
艾玛·沃特森,https://ss1.baidu.com/6ONXsjip0QIZ8tyhnq/it/u=2216552458,463592115&fm=58,
袁姗姗,https://ss2.baidu.com/6ONYsjip0QIZ8tyhnq/it/u=1697715500,3290897750&fm=58,bd4f3b3e69bbe347cf9bdbdfe9b01bd3
安妮·海瑟薇,https://ss0.baidu.com/6ONWsjip0QIZ8tyhnq/it/u=2712228735,3246959249&fm=58,93ed7f1e3300fb76ac6b64fed548e6bc
李金铭,https://ss1.baidu.com/6ONXsjip0QIZ8tyhnq/it/u=164419030,159208024&fm=58,ab705f09bbc662a3fe29f41fc8d5b8ba
张杰,https://ss1.baidu.com/6ONXsjip0QIZ8tyhnq/it/u=2122590076,2904691024&fm=58,
欧阳娜娜,https://ss2.baidu.com/6ONYsjip0QIZ8tyhnq/it/u=3338141441,513378263&fm=58,aa8a62d5990e1737ce777bb1e8593efb
王祖贤,https://ss1.baidu.com/6ONXsjip0QIZ8tyhnq/it/u=675938131,804132956&fm=58,2a723e1b2ebfeea42c6518a56a28cf3d
张嘉倪,https://ss1.baidu.com/6ONXsjip0QIZ8tyhnq/it/u=3083340988,4216239953&fm=58,5d663e9e380ebd1ee1e933caa3d51fa3
余枫,https://ss1.baidu.com/6ONXsjip0QIZ8tyhnq/it/u=868804807,4285607255&fm=58,16a47a7f3845b1209d0bfbb87843a460
马思纯,https://ss2.baidu.com/6ONYsjip0QIZ8tyhnq/it/u=3802324295,1163812886&fm=58,bcdc15f9ebc16871701ebe8d34b3bba1
吴秀波,https://ss1.baidu.com/6ONXsjip0QIZ8tyhnq/it/u=319531624,565218432&fm=58,
吴昕,https://ss2.baidu.com/6ONYsjip0QIZ8tyhnq/it/u=3987149804,3183763616&fm=58,1bb4eba0ab41a938c6136447d4afb246
霍思燕,https://ss1.baidu.com/6ONXsjip0QIZ8tyhnq/it/u=2711008372,1246331044&fm=58,bc3cfa6b7f408968018dc28b86024873
吉泽明步,https://ss1.baidu.com/6ONXsjip0QIZ8tyhnq/it/u=2440175413,2871242898&fm=58,e56e870a6ff91d0ab3ebdb326115bb62
张柏芝,https://ss1.baidu.com/6ONXsjip0QIZ8tyhnq/it/u=2531958883,3730194697&fm=58,0233672d34e587e440d8c23a7890410b
成毅,https://ss2.baidu.com/6ONYsjip0QIZ8tyhnq/it/u=1172080550,3692549051&fm=58,c0a1cdb19b955d6213268d235d94da10
张檬,https://ss2.baidu.com/6ONYsjip0QIZ8tyhnq/it/u=3014932334,39656224&fm=58,
安以轩,https://ss0.baidu.com/6ONWsjip0QIZ8tyhnq/it/u=376656009,891986049&fm=58,589a809bda7373a3a8f034c6b161acc1
王力宏,https://ss2.baidu.com/6ONYsjip0QIZ8tyhnq/it/u=4243174586,590586534&fm=58,77624e9143ebf6b7d2426ac090fc4f80
彭于晏,https://ss1.baidu.com/6ONXsjip0QIZ8tyhnq/it/u=3419156185,278098233&fm=58,4d7396e9a905eb5ce63b88ef8580a78d
李丽珍,https://ss0.baidu.com/6ONWsjip0QIZ8tyhnq/it/u=2921882742,3951587867&fm=58,7e89082d4fd647ac8c1f2000e8d8f09a
邓丽君,https://ss1.baidu.com/6ONXsjip0QIZ8tyhnq/it/u=105650473,1150338818&fm=58,cf8df541845c16d95dbc766feb7c8ea5
邱淑贞,https://ss0.baidu.com/6ONWsjip0QIZ8tyhnq/it/u=420013275,2063708364&fm=58,04aaace7db70f0aa66f9866a9678342c
赵梦玥,https://ss0.baidu.com/6ONWsjip0QIZ8tyhnq/it/u=3053036577,3886626837&fm=58,
孙艺洲,https://ss1.baidu.com/6ONXsjip0QIZ8tyhnq/it/u=274976242,1835558886&fm=58,23c88ab84ec347406737043aef8894a4
秦海璐,https://ss2.baidu.com/6ONYsjip0QIZ8tyhnq/it/u=1959710138,1091940702&fm=58,4d3c0444df8090e9bcc1da5d98ff5314
韩雪,https://ss0.baidu.com/6ONWsjip0QIZ8tyhnq/it/u=2865817716,3025825360&fm=58,202d52473a43109cab58e9241f7c2922
龚玥菲,https://ss0.baidu.com/6ONWsjip0QIZ8tyhnq/it/u=848591814,1115252480&fm=58,6fe738283c350e0350d24c8e3693d19b
张学友,https://ss0.baidu.com/6ONWsjip0QIZ8tyhnq/it/u=434594229,240455412&fm=58,90ccede06e5bf30af602a3d191e974b5
柯震东,https://ss1.baidu.com/6ONXsjip0QIZ8tyhnq/it/u=3252362476,691355700&fm=58,
韩庚,https://ss1.baidu.com/6ONXsjip0QIZ8tyhnq/it/u=720719722,1125653212&fm=58,d58a9674f93e52721e91371890f1e010
赵本山,https://ss1.baidu.com/6ONXsjip0QIZ8tyhnq/it/u=3461876659,150954992&fm=58,76d7661533789313c5398d634b9d5c0f
林妙可,https://ss0.baidu.com/6ONWsjip0QIZ8tyhnq/it/u=3746965980,3540168028&fm=58,
蒋依依,https://ss1.baidu.com/6ONXsjip0QIZ8tyhnq/it/u=3305307232,800893683&fm=58,8afa7964771518ad74f0e330404da608
姚贝娜,https://ss1.baidu.com/6ONXsjip0QIZ8tyhnq/it/u=1467188911,1769132221&fm=58,ed916b193f20251e7c824fc160d9097f
武艺,https://ss2.baidu.com/6ONYsjip0QIZ8tyhnq/it/u=3420265793,4024311533&fm=58,da25d86bc3326f28d0a806799dcd4808
马伊琍,https://ss1.baidu.com/6ONXsjip0QIZ8tyhnq/it/u=4249490215,3607188058&fm=58,232cb73eb74db887fea31a4111cfc140
张雨绮,https://ss0.baidu.com/6ONWsjip0QIZ8tyhnq/it/u=1004397453,2417934665&fm=58,
谭晶,https://ss2.baidu.com/6ONYsjip0QIZ8tyhnq/it/u=2152600322,2227578775&fm=58,769586dd9a8d5b2fe1ac2f54315779a2
白冰,https://ss2.baidu.com/6ONYsjip0QIZ8tyhnq/it/u=4270859174,2030223293&fm=58,
张颂文,https://ss0.baidu.com/6ONWsjip0QIZ8tyhnq/it/u=3734454954,1968909530&fm=58,5bb7cbeba7317ce0bf655a5b7d1b7a02
王宝强,https://ss1.baidu.com/6ONXsjip0QIZ8tyhnq/it/u=4290422362,4088139705&fm=58,edb34e86a681bcb908cb6cab5d64411f
范·迪塞尔,https://ss2.baidu.com/6ONYsjip0QIZ8tyhnq/it/u=3265107824,665880587&fm=58,6b7974692f9bf19fbd6b301f029e1237
梅艳芳,https://ss2.baidu.com/6ONYsjip0QIZ8tyhnq/it/u=1289108684,2322483187&fm=58,363ab1b7116f384ec255ed125a0ee45f
杨烁,https://ss0.baidu.com/6ONWsjip0QIZ8tyhnq/it/u=336711573,364930926&fm=58,902026385ff799bfb8cfc6757d702e83
罗晋,https://ss1.baidu.com/6ONXsjip0QIZ8tyhnq/it/u=1122096361,3090862677&fm=58,6ff207a171887787d86fc19415ca4137
宋轶,https://ss1.baidu.com/6ONXsjip0QIZ8tyhnq/it/u=2531161618,3837721980&fm=58,afe5a110e2a8bb92fd451eb6787f6321
朱茵,https://ss1.baidu.com/6ONXsjip0QIZ8tyhnq/it/u=3431587072,742185732&fm=58,c46acfc5178da76fc3b7c077f47db012
张翰,https://ss0.baidu.com/6ONWsjip0QIZ8tyhnq/it/u=2664808806,3671578872&fm=58,6ac8c515d85af2cd58e3ce55c7384892
章子怡,https://ss0.baidu.com/6ONWsjip0QIZ8tyhnq/it/u=2940795477,3038191942&fm=58,4e69f96b72a360318847e23532741438
王玉雯,https://ss0.baidu.com/6ONWsjip0QIZ8tyhnq/it/u=443469843,3779487623&fm=58,f33b38d0ff131ac89a69ad1a87940444
陈奕迅,https://ss2.baidu.com/6ONYsjip0QIZ8tyhnq/it/u=3924809159,1570320411&fm=58,4033e993feb9a329446f46d027fb2916
长泽雅美,https://ss2.baidu.com/6ONYsjip0QIZ8tyhnq/it/u=3170378666,4291747726&fm=58,06bb5f45a0f0caf83d9b778fa329381e
杜淳,https://ss1.baidu.com/6ONXsjip0QIZ8tyhnq/it/u=4113198565,2269082486&fm=58,
孙红雷,https://ss1.baidu.com/6ONXsjip0QIZ8tyhnq/it/u=1724375350,3299197847&fm=58,586207dc08df504d8c124f8ebe5e001c
马苏,https://ss0.baidu.com/6ONWsjip0QIZ8tyhnq/it/u=18857817,3833485012&fm=58,4b9b74532b1570ae030b6c2c68fa5981
金在中,https://ss1.baidu.com/6ONXsjip0QIZ8tyhnq/it/u=3186945781,1292833465&fm=58,19f502d7f5b5048d0b3a7093d86de8b2
陈意涵,https://ss2.baidu.com/6ONYsjip0QIZ8tyhnq/it/u=1661784458,3350264537&fm=58,44198c90633d493f5856c061e53cf1b6
斯蒂芬·库里,https://ss0.baidu.com/6ONWsjip0QIZ8tyhnq/it/u=4225909086,2808075944&fm=58,5f04b97fa20b8594bdcccd8d168d032f
张子枫,https://ss0.baidu.com/6ONWsjip0QIZ8tyhnq/it/u=112034259,2211862663&fm=58,
李宇春,https://ss0.baidu.com/6ONWsjip0QIZ8tyhnq/it/u=3569085927,721300519&fm=58,
黎姿,https://ss2.baidu.com/6ONYsjip0QIZ8tyhnq/it/u=370822040,1244024225&fm=58,cceda14012052c0691798c1d74e8bcb8
董子健,https://ss0.baidu.com/6ONWsjip0QIZ8tyhnq/it/u=609466437,996355900&fm=58,bf1248f2363572ca151fd95a8884dec7
田馥甄,https://ss1.baidu.com/6ONXsjip0QIZ8tyhnq/it/u=3690020605,968905476&fm=58,9ee8a33dda215a6b10ba7e9ebdd763d6
舒淇,https://ss2.baidu.com/6ONYsjip0QIZ8tyhnq/it/u=396573179,1991156759&fm=58,4af1b9d413f73949f36b49f2e5b9e783
G-DRAGON,https://ss0.baidu.com/6ONWsjip0QIZ8tyhnq/it/u=651728253,3245122951&fm=58,5ea02aaa478c974d8cf8375bba587a60
甄子丹,https://ss1.baidu.com/6ONXsjip0QIZ8tyhnq/it/u=3123665266,1039346221&fm=58,dd3cda4cbf0d637e1ac5e70116ee3b35
张敏,https://ss0.baidu.com/6ONWsjip0QIZ8tyhnq/it/u=2604238536,676714411&fm=58,e1e162aecbe0353c36278238c6e247aa
郭碧婷,https://ss2.baidu.com/6ONYsjip0QIZ8tyhnq/it/u=3164848502,351359014&fm=58,f1634a97bc9ce9c99bbce275c817f896
贾乃亮,https://ss0.baidu.com/6ONWsjip0QIZ8tyhnq/it/u=2390460405,2683190870&fm=58,66124eaaa51251f5b07b0d1e9147effc
王祖蓝,https://ss1.baidu.com/6ONXsjip0QIZ8tyhnq/it/u=1894667236,1647152954&fm=58,31ccf44cd0c224239e9531be384498b8
释小龙,https://ss1.baidu.com/6ONXsjip0QIZ8tyhnq/it/u=3964347466,2364046575&fm=58,
林书豪,https://ss0.baidu.com/6ONWsjip0QIZ8tyhnq/it/u=107152989,4091147141&fm=58,79d9be75922532bc1733d617bfe69690
王鸥,https://ss1.baidu.com/6ONXsjip0QIZ8tyhnq/it/u=3381963790,1707233673&fm=58,c31a6951d1cc86b38dc39349d28ffaf7
干露露,https://ss0.baidu.com/6ONWsjip0QIZ8tyhnq/it/u=2665415640,125406205&fm=58,6c2fbd08a8144a19ad4f055835782327
吴尊,https://ss2.baidu.com/6ONYsjip0QIZ8tyhnq/it/u=3799143308,787390757&fm=58,2e18f001c2665d41f5dcf5eee74f5f97
黄婷婷,https://ss0.baidu.com/6ONWsjip0QIZ8tyhnq/it/u=3336500190,2602728161&fm=58,ba3ae885f1ae2571c19aa1395e53c74f
炎亚纶,https://ss1.baidu.com/6ONXsjip0QIZ8tyhnq/it/u=435051784,1276745434&fm=58,c81704ad29ae290b97fb4f1c28158073
林子祥,https://ss1.baidu.com/6ONXsjip0QIZ8tyhnq/it/u=4193408863,1686760951&fm=58,
阚清子,https://ss1.baidu.com/6ONXsjip0QIZ8tyhnq/it/u=194339746,897891412&fm=58,d0c5f21e413fb2a595cd1c4036351665
王彦霖,https://ss2.baidu.com/6ONYsjip0QIZ8tyhnq/it/u=3290977895,673896369&fm=58,2ff766bf51f67b31d1aac5cf323e8c45
普提查·克瑟辛,https://ss0.baidu.com/6ONWsjip0QIZ8tyhnq/it/u=812062908,3421813497&fm=58,bb2d52337f86e3bc1b71176dbf668e46
金城武,https://ss1.baidu.com/6ONXsjip0QIZ8tyhnq/it/u=252026203,3137524702&fm=58,4cc98b98b24b50bb56b1bffd2c3301ad
邢昭林,https://ss0.baidu.com/6ONWsjip0QIZ8tyhnq/it/u=3647069325,926320260&fm=58,a872b8cdeb3cdda17ecd500eacee3702
毛晓彤,https://ss2.baidu.com/6ONYsjip0QIZ8tyhnq/it/u=3170297834,1179853782&fm=58,
秋瓷炫,https://ss0.baidu.com/6ONWsjip0QIZ8tyhnq/it/u=3840660033,2448051248&fm=58,
汤唯,https://ss2.baidu.com/6ONYsjip0QIZ8tyhnq/it/u=2611226801,597170464&fm=58,7cdda3c09931b6bc32971f2d1eb7a4cb
蔡依林,https://ss0.baidu.com/6ONWsjip0QIZ8tyhnq/it/u=2386103649,3849918699&fm=58,b2115f5d3ff08564c995568cc706e0df
杨蓉,https://ss2.baidu.com/6ONYsjip0QIZ8tyhnq/it/u=2966230361,846483772&fm=58,80621597b13d266828bebec04521738c
克里斯蒂亚诺·罗纳尔多,https://ss1.baidu.com/6ONXsjip0QIZ8tyhnq/it/u=3805961581,308107692&fm=58,1ee3ba419455645338725e0c507bd569
尹恩惠,https://ss0.baidu.com/6ONWsjip0QIZ8tyhnq/it/u=890120691,3045925877&fm=58,
吴彦祖,https://ss2.baidu.com/6ONYsjip0QIZ8tyhnq/it/u=1996499216,2789219347&fm=58,41abcab1b22a049767626bc9d4e0061f
万茜,https://ss2.baidu.com/6ONYsjip0QIZ8tyhnq/it/u=4154182700,4021769109&fm=58,846d74af967c3ba7ff087c3f789c180c
保罗·沃克,https://ss0.baidu.com/6ONWsjip0QIZ8tyhnq/it/u=463011471,1671905273&fm=58,
唐杰忠,https://ss1.baidu.com/6ONXsjip0QIZ8tyhnq/it/u=2089853716,1688491164&fm=58,3b7149102d898ea22ca367e65462b1b2
张俪,https://ss0.baidu.com/6ONWsjip0QIZ8tyhnq/it/u=4111107516,1318110892&fm=58,523459dfa2a4572f52ab0afb1df15deb
张丰毅,https://ss0.baidu.com/6ONWsjip0QIZ8tyhnq/it/u=1622189496,2763892187&fm=58,
山下智久,https://ss0.baidu.com/6ONWsjip0QIZ8tyhnq/it/u=294898962,2100392339&fm=58,106b06b9f44384cbf7836da9abbae178
宋佳,https://ss1.baidu.com/6ONXsjip0QIZ8tyhnq/it/u=3423016390,931435172&fm=58,68dcf9d39785e5dc10b1f8948d58c03e
朱镇模,https://ss1.baidu.com/6ONXsjip0QIZ8tyhnq/it/u=4272974527,4011298124&fm=58,15955a47b847e41c45f8e36d2d666afb
姚明,https://ss1.baidu.com/6ONXsjip0QIZ8tyhnq/it/u=2135669014,910519347&fm=58,
马可,https://ss1.baidu.com/6ONXsjip0QIZ8tyhnq/it/u=3387643405,1680080381&fm=58,
金莎,https://ss1.baidu.com/6ONXsjip0QIZ8tyhnq/it/u=3026792470,1928941198&fm=58,2e89004543b9e4ea59f99aca7dd572c5
陈若仪,https://ss2.baidu.com/6ONYsjip0QIZ8tyhnq/it/u=3959585882,2319499852&fm=58,
娜塔丽·波特曼,https://ss0.baidu.com/6ONWsjip0QIZ8tyhnq/it/u=3146009976,703998685&fm=58,76f048ec11b6d71da0d42e18308a0916
雷佳音,https://ss0.baidu.com/6ONWsjip0QIZ8tyhnq/it/u=247538094,637364857&fm=58,efea4e618440338f288df4c673ded5a7
李菲儿,https://ss2.baidu.com/6ONYsjip0QIZ8tyhnq/it/u=2291824445,2787494919&fm=58,
金泫雅,https://ss2.baidu.com/6ONYsjip0QIZ8tyhnq/it/u=2920458782,4112296821&fm=58,f176f81678892298d4d66f66ed03686f
张译,https://ss0.baidu.com/6ONWsjip0QIZ8tyhnq/it/u=558163623,1913132894&fm=58,95f99fa4a12176aaeeb450388073bbb9
苏有朋,https://ss0.baidu.com/6ONWsjip0QIZ8tyhnq/it/u=4256413179,1771415021&fm=58,63ecdbbaae04e2646611203f0badc71f
林青霞,https://ss2.baidu.com/6ONYsjip0QIZ8tyhnq/it/u=463008833,2670866969&fm=58,303f731ca0e06d1dff646ca61026d8a1
毕福剑,https://ss1.baidu.com/6ONXsjip0QIZ8tyhnq/it/u=3349401769,3909904963&fm=58,bfd76c5d654f0ab2cb1d79ddaf5726c4
陆毅,https://ss0.baidu.com/6ONWsjip0QIZ8tyhnq/it/u=2427333396,805652164&fm=58,2c9e2703b57519947413358651f26282
麻生希,https://ss1.baidu.com/6ONXsjip0QIZ8tyhnq/it/u=1977222982,1771845577&fm=58,b2a538473bd52ceb8690c7a9fe1c29eb
文章,https://ss2.baidu.com/6ONYsjip0QIZ8tyhnq/it/u=2932407899,3078830833&fm=58,d80577ba2eee97046126efd78052f179
小沈阳,https://ss0.baidu.com/6ONWsjip0QIZ8tyhnq/it/u=1090997283,3308240930&fm=58,1da178003d7a1985030ed2d3333763d7
董璇,https://ss0.baidu.com/6ONWsjip0QIZ8tyhnq/it/u=340058469,1190269246&fm=58,82f21c42c6e1706fbfb52f8320573110
翟天临,https://ss1.baidu.com/6ONXsjip0QIZ8tyhnq/it/u=3092486923,1105733624&fm=58,d9580bf9c0688e9261a4cade498c0b3e
张卫健,https://ss2.baidu.com/6ONYsjip0QIZ8tyhnq/it/u=3688838285,750843872&fm=58,d65d0bc6d92091791cf32e2a1fd51785
杨思敏,https://ss0.baidu.com/6ONWsjip0QIZ8tyhnq/it/u=248345271,537407115&fm=58,c3fc2e0f316faf61b2a5436ffaf023bb
金泰妍,https://ss1.baidu.com/6ONXsjip0QIZ8tyhnq/it/u=110651764,925121632&fm=58,9d7fab07c230389a9269d4ef00205625
郭采洁,https://ss0.baidu.com/6ONWsjip0QIZ8tyhnq/it/u=2635292553,2542399625&fm=58,f2207369dc38041b7af40f4b2e794674
王李丹妮,https://ss0.baidu.com/6ONWsjip0QIZ8tyhnq/it/u=1552417206,1640731309&fm=58,
张根硕,https://ss2.baidu.com/6ONYsjip0QIZ8tyhnq/it/u=269561228,2465067318&fm=58,4fe4157ecff0cea98cfc6d0ef83b928a
高晓松,https://ss2.baidu.com/6ONYsjip0QIZ8tyhnq/it/u=3667094978,1369791430&fm=58,973bb7091902afb1881e9583fc2580ea
张家辉,https://ss0.baidu.com/6ONWsjip0QIZ8tyhnq/it/u=4061846970,1005172483&fm=58,1baae445f0196f9f64451c6608a15e39
凯文·杜兰特,https://ss2.baidu.com/6ONYsjip0QIZ8tyhnq/it/u=2900120426,422035347&fm=58,
小泽玛利亚,https://ss2.baidu.com/6ONYsjip0QIZ8tyhnq/it/u=2528996345,3843124694&fm=58,
蒋梦婕,https://ss1.baidu.com/6ONXsjip0QIZ8tyhnq/it/u=4116965833,1412852873&fm=58,
泽尻绘里香,https://ss2.baidu.com/6ONYsjip0QIZ8tyhnq/it/u=2717437937,4101864673&fm=58,558401da5e0503e3ef306bfbf6a58ba3
裴秀智,https://ss1.baidu.com/6ONXsjip0QIZ8tyhnq/it/u=1890133183,2616133909&fm=58,afd054164dfe36fcf104bd2cea9586b4
董洁,https://ss1.baidu.com/6ONXsjip0QIZ8tyhnq/it/u=2070248686,3258702420&fm=58,9801ea75f88503c12f25344e2348e5f5
贾静雯,https://ss0.baidu.com/6ONWsjip0QIZ8tyhnq/it/u=694891263,1749988878&fm=58,7946daaf467e1b93553be95962ee2574
克里斯汀·斯图尔特,https://ss2.baidu.com/6ONYsjip0QIZ8tyhnq/it/u=196793444,3261714056&fm=58,4b0b8e1f9e44dc6100acfa40624527d9
小栗旬,https://ss2.baidu.com/6ONYsjip0QIZ8tyhnq/it/u=1172990681,4101900653&fm=58,b42d70f856cd43a76818354daf12e7d4
撒贝宁,https://ss0.baidu.com/6ONWsjip0QIZ8tyhnq/it/u=3781381146,1179073831&fm=58,0e60bdfc50bf113478410f7a5e6c0693
贾青,https://ss0.baidu.com/6ONWsjip0QIZ8tyhnq/it/u=2882644242,551851387&fm=58,e820cf4f417faed204dde799237874c0
池昌旭,https://ss0.baidu.com/6ONWsjip0QIZ8tyhnq/it/u=711019683,2512638827&fm=58,
汪苏泷,https://ss2.baidu.com/6ONYsjip0QIZ8tyhnq/it/u=40440047,973703363&fm=58,
李晟,https://ss2.baidu.com/6ONYsjip0QIZ8tyhnq/it/u=132402428,145172746&fm=58,64efdebe4124271d4c368859904d80ce
许晴,https://ss1.baidu.com/6ONXsjip0QIZ8tyhnq/it/u=3222462007,3785597569&fm=58,
徐若瑄,https://ss2.baidu.com/6ONYsjip0QIZ8tyhnq/it/u=4058338703,2167953154&fm=58,b0a891ffa52b9b69550ddb1be1e9e896
吴世勋,https://ss2.baidu.com/6ONYsjip0QIZ8tyhnq/it/u=3145569029,147350359&fm=58,81963b7725d94b6497097ea071a826df
李健,https://ss2.baidu.com/6ONYsjip0QIZ8tyhnq/it/u=4282219463,1446136238&fm=58,49ceb358b6d4a696ce89d2a9d32abe2b
陈小春,https://ss2.baidu.com/6ONYsjip0QIZ8tyhnq/it/u=3839557586,1367089101&fm=58,
殷桃,https://ss2.baidu.com/6ONYsjip0QIZ8tyhnq/it/u=2986906442,2754529747&fm=58,8f4cf6691ef8832b565f98bd2957b591
杨丞琳,https://ss2.baidu.com/6ONYsjip0QIZ8tyhnq/it/u=529580543,1219674800&fm=58,
赵雅芝,https://ss1.baidu.com/6ONXsjip0QIZ8tyhnq/it/u=3761676514,3939970301&fm=58,
李卓霖,https://ss1.baidu.com/6ONXsjip0QIZ8tyhnq/it/u=223512235,536249954&fm=58,
蔡卓妍,https://ss2.baidu.com/6ONYsjip0QIZ8tyhnq/it/u=3431527877,428277878&fm=58,952d16fdc2a4cc2af7ea49fb08b5e20a
梁朝伟,https://ss0.baidu.com/6ONWsjip0QIZ8tyhnq/it/u=461631405,1659199523&fm=58,4e7a3ef3dabaacd747758fa95e808b4a
韩红,https://ss2.baidu.com/6ONYsjip0QIZ8tyhnq/it/u=3707257265,4204830223&fm=58,6662b2d82cb81963a9745c09bb744d01
汪东城,https://ss1.baidu.com/6ONXsjip0QIZ8tyhnq/it/u=3061335979,559187333&fm=58,be66a4d790ecef31a5ffa06a78847fef
黄圣依,https://ss2.baidu.com/6ONYsjip0QIZ8tyhnq/it/u=3288113684,1020015898&fm=58,c8e664e44208304308e72ce6f108d729
杨子姗,https://ss1.baidu.com/6ONXsjip0QIZ8tyhnq/it/u=4047243661,270550121&fm=58,710e1aaf8ce011adb9478f43c4dede3f
欧豪,https://ss0.baidu.com/6ONWsjip0QIZ8tyhnq/it/u=4034845056,121918246&fm=58,34bc696fd5a6dd28c5fee124b035e24d
朱亚文,https://ss2.baidu.com/6ONYsjip0QIZ8tyhnq/it/u=94261985,2182290303&fm=58,d8c035db0a5f249936dba891528f26c2
林思意,https://ss0.baidu.com/6ONWsjip0QIZ8tyhnq/it/u=1294372005,3439404458&fm=58,bfdacc89538ea97823bdaff09133b4d7
邱泽,https://ss0.baidu.com/6ONWsjip0QIZ8tyhnq/it/u=3812661735,2758084707&fm=58,36796cd4537466bc7cdb6871256726dd
伊能静,https://ss0.baidu.com/6ONWsjip0QIZ8tyhnq/it/u=4061884560,4134922566&fm=58,
刘烨,https://ss0.baidu.com/6ONWsjip0QIZ8tyhnq/it/u=4173317292,1849889023&fm=58,ac63a9c516d6bf31612d66b64c869bb9
朴智妍,https://ss2.baidu.com/6ONYsjip0QIZ8tyhnq/it/u=2719613498,3972409360&fm=58,02ad633d6eaa6316d2101a390a271be9
韩东君,https://ss0.baidu.com/6ONWsjip0QIZ8tyhnq/it/u=4281096519,4269267870&fm=58,e146d2bef1c2cf4c60e59900cf5a9c11
朱丹,https://ss2.baidu.com/6ONYsjip0QIZ8tyhnq/it/u=3636789932,1675771656&fm=58,49febb0fd5b77e5769cf249577898893
应采儿,https://ss1.baidu.com/6ONXsjip0QIZ8tyhnq/it/u=484261846,2759574238&fm=58,c16f6365782c467b9325ef64635aaebb
冲田杏梨,https://ss1.baidu.com/6ONXsjip0QIZ8tyhnq/it/u=438738928,2033665055&fm=58,
郭德纲,https://ss2.baidu.com/6ONYsjip0QIZ8tyhnq/it/u=3272551775,3823004414&fm=58,
郭子睿,https://ss2.baidu.com/6ONYsjip0QIZ8tyhnq/it/u=2007114734,3722503636&fm=58,d8be3921b60b93cf457d3810b2ae28ed
安悦溪,https://ss1.baidu.com/6ONXsjip0QIZ8tyhnq/it/u=1076051566,1840768829&fm=58,ba5951836e43d54e730d8dc55053479d
李嘉格,https://ss1.baidu.com/6ONXsjip0QIZ8tyhnq/it/u=2227217074,263077894&fm=58,24d238b4555cc9f9758a1d5e00475243
张萌,https://ss0.baidu.com/6ONWsjip0QIZ8tyhnq/it/u=948574962,2293490368&fm=58,8881bef3425e101d8521abc52fb195f5
徐璐,https://ss2.baidu.com/6ONYsjip0QIZ8tyhnq/it/u=3649232888,2044001288&fm=58,
魏晨,https://ss1.baidu.com/6ONXsjip0QIZ8tyhnq/it/u=52834513,1962714373&fm=58,7afc74f07372ad65ab8ce21f66147854
吉克隽逸,https://ss2.baidu.com/6ONYsjip0QIZ8tyhnq/it/u=3969753899,1176401877&fm=58,b98571f523c486b39eb34877886fdfc3
李佳航,https://ss2.baidu.com/6ONYsjip0QIZ8tyhnq/it/u=3829846289,3065188762&fm=58,f1203822d70501710a90297375f61ef4
蒋劲夫,https://ss0.baidu.com/6ONWsjip0QIZ8tyhnq/it/u=2257956243,3556629453&fm=58,b2d7c726647ec3076cb99871076501e7
邓家佳,https://ss0.baidu.com/6ONWsjip0QIZ8tyhnq/it/u=318365277,3109502516&fm=58,8bf22c3f55379c3ecae873793b63464c
钟欣潼,https://ss2.baidu.com/6ONYsjip0QIZ8tyhnq/it/u=1147471904,2276103158&fm=58,ada43e7cc7bed540a9d0f271b847cbb8
陈数,https://ss0.baidu.com/6ONWsjip0QIZ8tyhnq/it/u=1335601509,2704826283&fm=58,e883bc7055fa9785f3955633074d1018
朱丽倩,https://ss2.baidu.com/6ONYsjip0QIZ8tyhnq/it/u=3326600681,3785049593&fm=58,
小彩旗,https://ss1.baidu.com/6ONXsjip0QIZ8tyhnq/it/u=4039828702,530763469&fm=58,6a04fe8561b6744501c21e31221c2f64
指原莉乃,https://ss0.baidu.com/6ONWsjip0QIZ8tyhnq/it/u=1982227296,2204144631&fm=58,22ec05a601c75f82c6e1fe589c3520f3
佘诗曼,https://ss1.baidu.com/6ONXsjip0QIZ8tyhnq/it/u=3161107858,3520183157&fm=58,5cc5bae5ed967c734f010190a566d361
黄宗泽,https://ss2.baidu.com/6ONYsjip0QIZ8tyhnq/it/u=4198899542,891504082&fm=58,4c94170dba8eeb2ddc1c35e289eedc41
杨钰莹,h